<?xml version="1.0" encoding="ISO-8859-1"?>
<CompileSummary>
	<RDBInfo>
		<name>_INCLUDE.RDB</name>
		<major>7</major>
		<minor>1</minor>
		<revision>195</revision>
		<time>1734314204</time>
	</RDBInfo>
	<RDBInfo>
		<name>_LIBRARY.RDB</name>
		<major>7</major>
		<minor>0</minor>
		<revision>16</revision>
		<time>1734314204</time>
	</RDBInfo>
	<RDBInfo>
		<name>_VARIABL.RDB</name>
		<major>7</major>
		<minor>5</minor>
		<revision>1</revision>
		<time>1734171547</time>
	</RDBInfo>
	<RDBInfo>
		<name>_PARAM.RDB</name>
		<major>7</major>
		<minor>38</minor>
		<revision>0</revision>
		<time>1734171547</time>
	</RDBInfo>
	<RDBInfo>
		<name>_KEYS.RDB</name>
		<major>7</major>
		<minor>38</minor>
		<revision>0</revision>
		<time>1734171547</time>
	</RDBInfo>
	<RDBInfo>
		<name>_KEYBOAR.RDB</name>
		<major>7</major>
		<minor>38</minor>
		<revision>0</revision>
		<time>1734171547</time>
	</RDBInfo>
	<RDBInfo>
		<name>_FONTS.RDB</name>
		<major>7</major>
		<minor>38</minor>
		<revision>0</revision>
		<time>1734171547</time>
	</RDBInfo>
	<RDBInfo>
		<name>_ROLES.RDB</name>
		<major>7</major>
		<minor>121</minor>
		<revision>0</revision>
		<time>1734314204</time>
	</RDBInfo>
	<RDBInfo>
		<name>_USERS.RDB</name>
		<major>7</major>
		<minor>121</minor>
		<revision>0</revision>
		<time>1734314204</time>
	</RDBInfo>
	<RDBInfo>
		<name>_SCANNER.RDB</name>
		<major>7</major>
		<minor>38</minor>
		<revision>0</revision>
		<time>1734171547</time>
	</RDBInfo>
	<RDBInfo>
		<name>_UNITS.RDB</name>
		<major>7</major>
		<minor>38</minor>
		<revision>0</revision>
		<time>1734171547</time>
	</RDBInfo>
	<RDBInfo>
		<name>_PORTS.RDB</name>
		<major>7</major>
		<minor>38</minor>
		<revision>0</revision>
		<time>1734171547</time>
	</RDBInfo>
	<RDBInfo>
		<name>_BOARDS.RDB</name>
		<major>7</major>
		<minor>38</minor>
		<revision>0</revision>
		<time>1734171547</time>
	</RDBInfo>
	<RDBInfo>
		<name>_REPORTS.RDB</name>
		<major>7</major>
		<minor>38</minor>
		<revision>0</revision>
		<time>1734171547</time>
	</RDBInfo>
	<RDBInfo>
		<name>_DEVICES.RDB</name>
		<major>7</major>
		<minor>38</minor>
		<revision>0</revision>
		<time>1734171547</time>
	</RDBInfo>
	<RDBInfo>
		<name>_TREND.RDB</name>
		<major>7</major>
		<minor>38</minor>
		<revision>0</revision>
		<time>1734171547</time>
	</RDBInfo>
	<RDBInfo>
		<name>_CATEGOR.RDB</name>
		<major>7</major>
		<minor>38</minor>
		<revision>0</revision>
		<time>1734171547</time>
	</RDBInfo>
	<RDBInfo>
		<name>_HARDALM.RDB</name>
		<major>7</major>
		<minor>38</minor>
		<revision>0</revision>
		<time>1734171547</time>
	</RDBInfo>
	<RDBInfo>
		<name>_DIGALM.RDB</name>
		<major>7</major>
		<minor>21</minor>
		<revision>0</revision>
		<time>1734171547</time>
	</RDBInfo>
	<RDBInfo>
		<name>_ANAALM.RDB</name>
		<major>7</major>
		<minor>32</minor>
		<revision>0</revision>
		<time>1734171547</time>
	</RDBInfo>
	<RDBInfo>
		<name>_ADVALM.RDB</name>
		<major>7</major>
		<minor>38</minor>
		<revision>0</revision>
		<time>1734171547</time>
	</RDBInfo>
	<RDBInfo>
		<name>_ARGANA.RDB</name>
		<major>7</major>
		<minor>38</minor>
		<revision>0</revision>
		<time>1734171547</time>
	</RDBInfo>
	<RDBInfo>
		<name>_ARGDIG.RDB</name>
		<major>7</major>
		<minor>38</minor>
		<revision>0</revision>
		<time>1734171547</time>
	</RDBInfo>
	<RDBInfo>
		<name>_HRESALM.RDB</name>
		<major>7</major>
		<minor>38</minor>
		<revision>0</revision>
		<time>1734171547</time>
	</RDBInfo>
	<RDBInfo>
		<name>_TSDIG.RDB</name>
		<major>7</major>
		<minor>38</minor>
		<revision>0</revision>
		<time>1734171547</time>
	</RDBInfo>
	<RDBInfo>
		<name>_TSANA.RDB</name>
		<major>7</major>
		<minor>38</minor>
		<revision>0</revision>
		<time>1734171547</time>
	</RDBInfo>
	<RDBInfo>
		<name>_EVENTS.RDB</name>
		<major>7</major>
		<minor>38</minor>
		<revision>0</revision>
		<time>1734171547</time>
	</RDBInfo>
	<RDBInfo>
		<name>_ACCUMS.RDB</name>
		<major>7</major>
		<minor>38</minor>
		<revision>0</revision>
		<time>1734171547</time>
	</RDBInfo>
	<RDBInfo>
		<name>_PROTDIR.RDB</name>
		<major>7</major>
		<minor>38</minor>
		<revision>0</revision>
		<time>1734171547</time>
	</RDBInfo>
	<RDBInfo>
		<name>_MODEMS.RDB</name>
		<major>7</major>
		<minor>38</minor>
		<revision>0</revision>
		<time>1734171547</time>
	</RDBInfo>
	<RDBInfo>
		<name>_CLUSTER.RDB</name>
		<major>7</major>
		<minor>38</minor>
		<revision>0</revision>
		<time>1734171547</time>
	</RDBInfo>
	<RDBInfo>
		<name>_ALMSRV.RDB</name>
		<major>7</major>
		<minor>38</minor>
		<revision>0</revision>
		<time>1734171547</time>
	</RDBInfo>
	<RDBInfo>
		<name>_REPSRV.RDB</name>
		<major>7</major>
		<minor>38</minor>
		<revision>0</revision>
		<time>1734171547</time>
	</RDBInfo>
	<RDBInfo>
		<name>_TRNSRV.RDB</name>
		<major>7</major>
		<minor>38</minor>
		<revision>0</revision>
		<time>1734171547</time>
	</RDBInfo>
	<RDBInfo>
		<name>_NETADDR.RDB</name>
		<major>7</major>
		<minor>38</minor>
		<revision>0</revision>
		<time>1734171547</time>
	</RDBInfo>
	<RDBInfo>
		<name>_LOCVAR.RDB</name>
		<major>7</major>
		<minor>38</minor>
		<revision>0</revision>
		<time>1734171547</time>
	</RDBInfo>
	<RDBInfo>
		<name>_PAGES.RDB</name>
		<major>7</major>
		<minor>91</minor>
		<revision>0</revision>
		<time>1734171547</time>
	</RDBInfo>
	<RDBInfo>
		<name>_EQUIP.RDB</name>
		<major>7</major>
		<minor>38</minor>
		<revision>0</revision>
		<time>1734171547</time>
	</RDBInfo>
	<RDBInfo>
		<name>_PAGEMEN.RDB</name>
		<major>7</major>
		<minor>1</minor>
		<revision>37</revision>
		<time>1734171547</time>
	</RDBInfo>
	<RDBInfo>
		<name>_EQSTATE.RDB</name>
		<major>7</major>
		<minor>38</minor>
		<revision>0</revision>
		<time>1734171547</time>
	</RDBInfo>
	<RDBInfo>
		<name>_EQTYPE.RDB</name>
		<major>7</major>
		<minor>38</minor>
		<revision>0</revision>
		<time>1734171547</time>
	</RDBInfo>
	<RDBInfo>
		<name>_OPCSRV.RDB</name>
		<major>7</major>
		<minor>38</minor>
		<revision>0</revision>
		<time>1734171547</time>
	</RDBInfo>
	<RDBInfo>
		<name>_LANG.RDB</name>
		<major>7</major>
		<minor>38</minor>
		<revision>0</revision>
		<time>1734171547</time>
	</RDBInfo>
	<RDBInfo>
		<name>_EWSSRV.RDB</name>
		<major>7</major>
		<minor>38</minor>
		<revision>0</revision>
		<time>1734171547</time>
	</RDBInfo>
	<RDBInfo>
		<name>_COMPUTE.RDB</name>
		<major>7</major>
		<minor>38</minor>
		<revision>0</revision>
		<time>1734171547</time>
	</RDBInfo>
	<RDBInfo>
		<name>PageMenu.RDB</name>
		<major>7</major>
		<minor>34</minor>
		<revision>0</revision>
		<time>1734314204</time>
	</RDBInfo>
	<RDBInfo>
		<name>!Startup.RDB</name>
		<major>7</major>
		<minor>34</minor>
		<revision>0</revision>
		<time>1734314204</time>
	</RDBInfo>
	<RDBInfo>
		<name>!sg1_xpitune.RDB</name>
		<major>7</major>
		<minor>34</minor>
		<revision>0</revision>
		<time>1734314204</time>
	</RDBInfo>
	<RDBInfo>
		<name>!LibAlarmFilterPopup.RDB</name>
		<major>7</major>
		<minor>34</minor>
		<revision>0</revision>
		<time>1734314204</time>
	</RDBInfo>
	<RDBInfo>
		<name>Tab_Style_Startup.RDB</name>
		<major>7</major>
		<minor>34</minor>
		<revision>0</revision>
		<time>1734314205</time>
	</RDBInfo>
	<RDBInfo>
		<name>SxW_Style_Startup.RDB</name>
		<major>7</major>
		<minor>34</minor>
		<revision>0</revision>
		<time>1734314205</time>
	</RDBInfo>
	<RDBInfo>
		<name>!ProcessAnalystPopup.RDB</name>
		<major>7</major>
		<minor>34</minor>
		<revision>0</revision>
		<time>1734314205</time>
	</RDBInfo>
	<RDBInfo>
		<name>!Splash.RDB</name>
		<major>7</major>
		<minor>34</minor>
		<revision>0</revision>
		<time>1734314205</time>
	</RDBInfo>
	<RDBInfo>
		<name>!Shutdown.RDB</name>
		<major>7</major>
		<minor>34</minor>
		<revision>0</revision>
		<time>1734314205</time>
	</RDBInfo>
	<RDBInfo>
		<name>Disabled.RDB</name>
		<major>7</major>
		<minor>34</minor>
		<revision>0</revision>
		<time>1734314205</time>
	</RDBInfo>
	<RDBInfo>
		<name>Hardware.RDB</name>
		<major>7</major>
		<minor>34</minor>
		<revision>0</revision>
		<time>1734314205</time>
	</RDBInfo>
	<RDBInfo>
		<name>Startup.RDB</name>
		<major>7</major>
		<minor>34</minor>
		<revision>0</revision>
		<time>1734314205</time>
	</RDBInfo>
	<RDBInfo>
		<name>Soe.RDB</name>
		<major>7</major>
		<minor>34</minor>
		<revision>0</revision>
		<time>1734314205</time>
	</RDBInfo>
	<RDBInfo>
		<name>Alarm.RDB</name>
		<major>7</major>
		<minor>34</minor>
		<revision>0</revision>
		<time>1734314205</time>
	</RDBInfo>
	<RDBInfo>
		<name>ControlInhibit.RDB</name>
		<major>7</major>
		<minor>34</minor>
		<revision>0</revision>
		<time>1734314205</time>
	</RDBInfo>
	<RDBInfo>
		<name>ManualOverride.RDB</name>
		<major>7</major>
		<minor>34</minor>
		<revision>0</revision>
		<time>1734314205</time>
	</RDBInfo>
	<RDBInfo>
		<name>VariableTags.RDB</name>
		<major>7</major>
		<minor>34</minor>
		<revision>0</revision>
		<time>1734314205</time>
	</RDBInfo>
	<RDBInfo>
		<name>ProcessAnalyst.RDB</name>
		<major>7</major>
		<minor>34</minor>
		<revision>0</revision>
		<time>1734314205</time>
	</RDBInfo>
	<RDBInfo>
		<name>!PageListPanel.RDB</name>
		<major>7</major>
		<minor>34</minor>
		<revision>0</revision>
		<time>1734314205</time>
	</RDBInfo>
	<RDBInfo>
		<name>!EquipControl.RDB</name>
		<major>7</major>
		<minor>34</minor>
		<revision>0</revision>
		<time>1734314205</time>
	</RDBInfo>
	<RDBInfo>
		<name>!EquipControl_Alarm.RDB</name>
		<major>7</major>
		<minor>34</minor>
		<revision>0</revision>
		<time>1734314205</time>
	</RDBInfo>
	<RDBInfo>
		<name>!EquipControl_PA.RDB</name>
		<major>7</major>
		<minor>34</minor>
		<revision>0</revision>
		<time>1734314205</time>
	</RDBInfo>
	<RDBInfo>
		<name>!EquipControl_Tag.RDB</name>
		<major>7</major>
		<minor>34</minor>
		<revision>0</revision>
		<time>1734314205</time>
	</RDBInfo>
	<RDBInfo>
		<name>!SEPACStatus.RDB</name>
		<major>7</major>
		<minor>34</minor>
		<revision>0</revision>
		<time>1734314205</time>
	</RDBInfo>
	<RDBInfo>
		<name>!SEPACStatus_App.RDB</name>
		<major>7</major>
		<minor>34</minor>
		<revision>0</revision>
		<time>1734314205</time>
	</RDBInfo>
	<RDBInfo>
		<name>!SEPACStatus_Comms.RDB</name>
		<major>7</major>
		<minor>34</minor>
		<revision>0</revision>
		<time>1734314205</time>
	</RDBInfo>
	<RDBInfo>
		<name>!SEPACStatus_HStby.RDB</name>
		<major>7</major>
		<minor>34</minor>
		<revision>0</revision>
		<time>1734314205</time>
	</RDBInfo>
	<RDBInfo>
		<name>!SEPACStatus_IO.RDB</name>
		<major>7</major>
		<minor>34</minor>
		<revision>0</revision>
		<time>1734314205</time>
	</RDBInfo>
	<RDBInfo>
		<name>!SEPACStatus_IOFIP.RDB</name>
		<major>7</major>
		<minor>34</minor>
		<revision>0</revision>
		<time>1734314206</time>
	</RDBInfo>
	<RDBInfo>
		<name>!SEPACStatus_M340Web.RDB</name>
		<major>7</major>
		<minor>34</minor>
		<revision>0</revision>
		<time>1734314206</time>
	</RDBInfo>
	<RDBInfo>
		<name>!SEPACStatus_M580Web.RDB</name>
		<major>7</major>
		<minor>34</minor>
		<revision>0</revision>
		<time>1734314206</time>
	</RDBInfo>
	<RDBInfo>
		<name>!SEPACStatus_PremWeb.RDB</name>
		<major>7</major>
		<minor>34</minor>
		<revision>0</revision>
		<time>1734314206</time>
	</RDBInfo>
	<RDBInfo>
		<name>!SEPACStatus_QuanWeb.RDB</name>
		<major>7</major>
		<minor>34</minor>
		<revision>0</revision>
		<time>1734314206</time>
	</RDBInfo>
	<RDBInfo>
		<name>!SEPACStatus_M580Web2.RDB</name>
		<major>7</major>
		<minor>34</minor>
		<revision>0</revision>
		<time>1734314206</time>
	</RDBInfo>
	<RDBInfo>
		<name>!SEPACStatus_M580Web3.RDB</name>
		<major>7</major>
		<minor>34</minor>
		<revision>0</revision>
		<time>1734314206</time>
	</RDBInfo>
	<RDBInfo>
		<name>HTML.RDB</name>
		<major>7</major>
		<minor>34</minor>
		<revision>0</revision>
		<time>1734314206</time>
	</RDBInfo>
	<RDBInfo>
		<name>!SEPACStatus_PremWeb2.RDB</name>
		<major>7</major>
		<minor>34</minor>
		<revision>0</revision>
		<time>1734314206</time>
	</RDBInfo>
	<RDBInfo>
		<name>!SEPACStatus_M340Web3.RDB</name>
		<major>7</major>
		<minor>34</minor>
		<revision>0</revision>
		<time>1734314206</time>
	</RDBInfo>
	<RDBInfo>
		<name>!SEPACStatus_M340Web2.RDB</name>
		<major>7</major>
		<minor>34</minor>
		<revision>0</revision>
		<time>1734314206</time>
	</RDBInfo>
	<RDBInfo>
		<name>!SEPACStatus_QuanWeb3.RDB</name>
		<major>7</major>
		<minor>34</minor>
		<revision>0</revision>
		<time>1734314206</time>
	</RDBInfo>
	<RDBInfo>
		<name>!SEPACStatus_QuanWeb2.RDB</name>
		<major>7</major>
		<minor>34</minor>
		<revision>0</revision>
		<time>1734314206</time>
	</RDBInfo>
	<RDBInfo>
		<name>!SEPACStatus_PremWeb3.RDB</name>
		<major>7</major>
		<minor>34</minor>
		<revision>0</revision>
		<time>1734314206</time>
	</RDBInfo>
	<RDBInfo>
		<name>!Valve.RDB</name>
		<major>7</major>
		<minor>52</minor>
		<revision>0</revision>
		<time>1734314206</time>
	</RDBInfo>
	<RDBInfo>
		<name>BTL_test.RDB</name>
		<major>7</major>
		<minor>81</minor>
		<revision>0</revision>
		<time>1734314206</time>
	</RDBInfo>
	<RDBInfo>
		<name>_VBCODE.RDB</name>
		<major>7</major>
		<minor>0</minor>
		<revision>309</revision>
		<time>1734314206</time>
	</RDBInfo>
	<RDBInfo>
		<name>_GROUPS.RDB</name>
		<major>7</major>
		<minor>1</minor>
		<revision>103</revision>
		<time>1734314206</time>
	</RDBInfo>
	<RDBInfo>
		<name>_PROJECT.RDB</name>
		<major>7</major>
		<minor>1</minor>
		<revision>112</revision>
		<time>1734314206</time>
	</RDBInfo>
	<Version>
		<Major>8</Major>
		<Minor>0</Minor>
		<Revision>0</Revision>
		<Build>2009</Build>
	</Version>
</CompileSummary>
