﻿<?xml version="1.0" encoding="utf-8"?>
<template desc="">
  <param name="type">
    <string name="name">PID</string>
    <string name="ref">PID</string>
    <string name="blank"></string>
    <string name="wildcard"></string>
    <string name="parameter-definitions"></string>
  </param>
  <input name="equipment" file="equip.dbf" desc="Equipment Database">
    <field name="NAME" />
    <field name="CLUSTER" />
    <field name="TYPE" />
    <field name="AREA" />
    <field name="LOCATION" />
    <field name="COMMENT" />
    <field name="CUSTOM1" />
    <field name="CUSTOM2" />
    <field name="CUSTOM3" />
    <field name="CUSTOM4" />
    <field name="CUSTOM5" />
    <field name="CUSTOM6" />
    <field name="CUSTOM7" />
    <field name="CUSTOM8" />
    <field name="IODEVICE" />
    <field name="PAGE" />
    <field name="HELP" />
    <field name="DEFSTATE" />
    <field name="SCHEDULED" />
    <field name="TAGPREFIX" />
    <field name="PARAM" />
    <field name="DEVSCHED" />
    <field name="SCHEDID" />
    <array name="param_list">{ToProperty('{param}','=',';')}</array>
  </input>
  <output name="Element_3" file="variable.dbf" filter="'{equipment.type}={type.name}'">
    <field name="NAME" key="true">{equipment.TAGPREFIX}_gain</field>
    <field name="TYPE">REAL</field>
    <field name="UNIT">{equipment.IODEVICE}</field>
    <field name="ADDR">{equipment.CUSTOM4}</field>
    <field name="CLUSTER" key="true">{equipment.CLUSTER}</field>
    <field name="EQUIP">{equipment.name}</field>
    <field name="ITEM">gain</field>
    <field name="TAGGENLINK" load="true">4aedacec-7523-4cb1-8a1a-b860</field>
    <field name="LINKED">1</field>
    <field name="EDITCODE">3938319</field>
  </output>
  <output name="Element_4" file="variable.dbf" filter="'{equipment.type}={type.name}'">
    <field name="NAME" key="true">{equipment.TAGPREFIX}_y_max</field>
    <field name="TYPE">REAL</field>
    <field name="UNIT">{equipment.IODEVICE}</field>
    <field name="ADDR">{equipment.CUSTOM5}</field>
    <field name="CLUSTER" key="true">{equipment.CLUSTER}</field>
    <field name="EQUIP">{equipment.name}</field>
    <field name="ITEM">y_max</field>
    <field name="TAGGENLINK" load="true">896c3602-166d-44b7-9824-f979</field>
    <field name="LINKED">1</field>
    <field name="EDITCODE">3938319</field>
  </output>
  <output name="Element" file="variable.dbf" filter="'{equipment.type}={type.name}'">
    <field name="NAME" key="true">{equipment.TAGPREFIX}_en_p</field>
    <field name="TYPE">DIGITAL</field>
    <field name="UNIT">{equipment.IODEVICE}</field>
    <field name="ADDR">{equipment.CUSTOM1}</field>
    <field name="CLUSTER" key="true">{equipment.CLUSTER}</field>
    <field name="EQUIP">{equipment.name}</field>
    <field name="ITEM">en_p</field>
    <field name="TAGGENLINK" load="true">8bcd52e4-7032-4472-8dc2-d8b7</field>
    <field name="LINKED">1</field>
    <field name="EDITCODE">3938319</field>
  </output>
  <output name="Element_1" file="variable.dbf" filter="'{equipment.type}={type.name}'">
    <field name="NAME" key="true">{equipment.TAGPREFIX}_en_i</field>
    <field name="TYPE">DIGITAL</field>
    <field name="UNIT">{equipment.IODEVICE}</field>
    <field name="ADDR">{equipment.CUSTOM2}</field>
    <field name="CLUSTER" key="true">{equipment.CLUSTER}</field>
    <field name="EQUIP">{equipment.name}</field>
    <field name="ITEM">en_i</field>
    <field name="TAGGENLINK" load="true">97602c9c-229a-4bc0-8f76-1703</field>
    <field name="LINKED">1</field>
    <field name="EDITCODE">3938319</field>
  </output>
  <output name="Element_2" file="variable.dbf" filter="'{equipment.type}={type.name}'">
    <field name="NAME" key="true">{equipment.TAGPREFIX}_en_d</field>
    <field name="TYPE">DIGITAL</field>
    <field name="UNIT">{equipment.IODEVICE}</field>
    <field name="ADDR">{equipment.CUSTOM3}</field>
    <field name="CLUSTER" key="true">{equipment.CLUSTER}</field>
    <field name="EQUIP">{equipment.name}</field>
    <field name="ITEM">en_d</field>
    <field name="TAGGENLINK" load="true">68624571-f3bb-4f15-86d5-3c3d</field>
    <field name="LINKED">1</field>
    <field name="EDITCODE">3938319</field>
  </output>
  <output name="Element_5" file="variable.dbf" filter="'{equipment.type}={type.name}'">
    <field name="NAME" key="true">{equipment.TAGPREFIX}_en_p_ex</field>
    <field name="TYPE">DIGITAL</field>
    <field name="UNIT">Internal</field>
    <field name="CLUSTER" key="true">{equipment.CLUSTER}</field>
    <field name="EQUIP">{equipment.name}</field>
    <field name="ITEM">en_p_ex</field>
    <field name="TAGGENLINK" load="true">1d6d1bb2-be5d-41eb-bcc1-e9e4</field>
    <field name="LINKED">1</field>
    <field name="EDITCODE">3938311</field>
  </output>
  <output name="Element_6" file="variable.dbf" filter="'{equipment.type}={type.name}'">
    <field name="NAME" key="true">{equipment.TAGPREFIX}_en_i_ex</field>
    <field name="TYPE">DIGITAL</field>
    <field name="UNIT">Internal</field>
    <field name="CLUSTER" key="true">{equipment.CLUSTER}</field>
    <field name="EQUIP">{equipment.name}</field>
    <field name="ITEM">en_i_ex</field>
    <field name="TAGGENLINK" load="true">2c7cec97-bf95-4dfc-aa2e-6200</field>
    <field name="LINKED">1</field>
    <field name="EDITCODE">3938311</field>
  </output>
  <output name="Element_7" file="variable.dbf" filter="'{equipment.type}={type.name}'">
    <field name="NAME" key="true">{equipment.TAGPREFIX}_en_d_ex</field>
    <field name="TYPE">DIGITAL</field>
    <field name="UNIT">Internal</field>
    <field name="CLUSTER" key="true">{equipment.CLUSTER}</field>
    <field name="EQUIP">{equipment.name}</field>
    <field name="ITEM">en_d_ex</field>
    <field name="TAGGENLINK" load="true">38492735-bd64-4f8f-aea5-7f6c</field>
    <field name="LINKED">1</field>
    <field name="EDITCODE">3938311</field>
  </output>
  <output name="Element_8" file="variable.dbf" filter="'{equipment.type}={type.name}'">
    <field name="NAME" key="true">{equipment.TAGPREFIX}_ti</field>
    <field name="TYPE">UINT</field>
    <field name="UNIT">{equipment.IODEVICE}</field>
    <field name="ADDR">{equipment.CUSTOM6}</field>
    <field name="CLUSTER" key="true">{equipment.CLUSTER}</field>
    <field name="EQUIP">{equipment.name}</field>
    <field name="ITEM">ti</field>
    <field name="TAGGENLINK" load="true">cc7fcd40-6ee2-47f8-99d7-637e</field>
    <field name="LINKED">1</field>
    <field name="EDITCODE">3938319</field>
  </output>
  <output name="Element_9" file="variable.dbf" filter="'{equipment.type}={type.name}'">
    <field name="NAME" key="true">{equipment.TAGPREFIX}_td</field>
    <field name="TYPE">UINT</field>
    <field name="UNIT">{equipment.IODEVICE}</field>
    <field name="ADDR">{equipment.CUSTOM7}</field>
    <field name="CLUSTER" key="true">{equipment.CLUSTER}</field>
    <field name="EQUIP">{equipment.name}</field>
    <field name="ITEM">td</field>
    <field name="TAGGENLINK" load="true">3b3c50f4-2ef0-4ef2-9723-d8c5</field>
    <field name="LINKED">1</field>
    <field name="EDITCODE">3938319</field>
  </output>
  <output name="Element_10" file="variable.dbf" filter="'{equipment.type}={type.name}'">
    <field name="NAME" key="true">{equipment.TAGPREFIX}_y_min</field>
    <field name="TYPE">REAL</field>
    <field name="UNIT">{equipment.IODEVICE}</field>
    <field name="ADDR">{equipment.CUSTOM8}</field>
    <field name="CLUSTER" key="true">{equipment.CLUSTER}</field>
    <field name="EQUIP">{equipment.name}</field>
    <field name="ITEM">y_min</field>
    <field name="TAGGENLINK" load="true">a4adfc01-aaa9-42e8-a375-bd96</field>
    <field name="LINKED">1</field>
    <field name="EDITCODE">3938319</field>
  </output>
</template>