﻿<?xml version="1.0" encoding="utf-8"?>
<template desc="">
  <param name="type">
    <string name="name">Tank</string>
    <string name="ref">Tank</string>
    <string name="blank"></string>
    <string name="wildcard"></string>
    <string name="parameter-definitions"></string>
  </param>
  <input name="equipment" file="equip.dbf" desc="Equipment Database">
    <field name="NAME" />
    <field name="CLUSTER" />
    <field name="TYPE" />
    <field name="AREA" />
    <field name="LOCATION" />
    <field name="COMMENT" />
    <field name="CUSTOM1" />
    <field name="CUSTOM2" />
    <field name="CUSTOM3" />
    <field name="CUSTOM4" />
    <field name="CUSTOM5" />
    <field name="CUSTOM6" />
    <field name="CUSTOM7" />
    <field name="CUSTOM8" />
    <field name="IODEVICE" />
    <field name="PAGE" />
    <field name="HELP" />
    <field name="DEFSTATE" />
    <field name="SCHEDULED" />
    <field name="TAGPREFIX" />
    <field name="PARAM" />
    <field name="DEVSCHED" />
    <field name="SCHEDID" />
    <array name="param_list">{ToProperty('{param}','=',';')}</array>
  </input>
  <output name="Element" file="variable.dbf" filter="'{equipment.type}={type.name}'">
    <field name="NAME" key="true">{equipment.TAGPREFIX}_Start</field>
    <field name="TYPE">DIGITAL</field>
    <field name="UNIT">Modbus_TCP</field>
    <field name="ADDR">{equipment.CUSTOM1}</field>
    <field name="CLUSTER" key="true">{equipment.CLUSTER}</field>
    <field name="EQUIP">{equipment.name}</field>
    <field name="ITEM">Start</field>
    <field name="TAGGENLINK" load="true">1fc86af9-b9f4-4741-bd1c-c4a6</field>
    <field name="LINKED">1</field>
    <field name="EDITCODE">3938319</field>
  </output>
  <output name="Element_1" file="variable.dbf" filter="'{equipment.type}={type.name}'">
    <field name="NAME" key="true">{equipment.TAGPREFIX}_Stop</field>
    <field name="TYPE">DIGITAL</field>
    <field name="UNIT">Modbus_TCP</field>
    <field name="ADDR">{equipment.CUSTOM2}</field>
    <field name="CLUSTER" key="true">{equipment.CLUSTER}</field>
    <field name="EQUIP">{equipment.name}</field>
    <field name="ITEM">Stop</field>
    <field name="TAGGENLINK" load="true">1d5fa4a6-f22b-4e75-bd68-60d8</field>
    <field name="LINKED">1</field>
    <field name="EDITCODE">3938319</field>
  </output>
  <output name="Element_2" file="variable.dbf" filter="'{equipment.type}={type.name}'">
    <field name="NAME" key="true">{equipment.TAGPREFIX}_Run</field>
    <field name="TYPE">DIGITAL</field>
    <field name="UNIT">Modbus_TCP</field>
    <field name="ADDR">{equipment.CUSTOM3}</field>
    <field name="CLUSTER" key="true">{equipment.CLUSTER}</field>
    <field name="EQUIP">{equipment.name}</field>
    <field name="ITEM">Run</field>
    <field name="TAGGENLINK" load="true">41cb41de-a49c-46e5-8fff-0b33</field>
    <field name="LINKED">1</field>
    <field name="EDITCODE">3938319</field>
  </output>
  <output name="Element_3" file="variable.dbf" filter="'{equipment.type}={type.name}'">
    <field name="NAME" key="true">{equipment.TAGPREFIX}_Auto</field>
    <field name="TYPE">DIGITAL</field>
    <field name="UNIT">Internal</field>
    <field name="CLUSTER" key="true">{equipment.CLUSTER}</field>
    <field name="EQUIP">{equipment.name}</field>
    <field name="ADDR">{equipment.CUSTOM4}</field>
    <field name="ITEM">Auto</field>
    <field name="TAGGENLINK" load="true">d9677789-8fc7-4cc1-87ea-a151</field>
    <field name="LINKED">1</field>
    <field name="EDITCODE">3938319</field>
  </output>
  <output name="Element_4" file="variable.dbf" filter="'{equipment.type}={type.name}'">
    <field name="NAME" key="true">{equipment.TAGPREFIX}_Enable</field>
    <field name="TYPE">DIGITAL</field>
    <field name="UNIT">Modbus_TCP</field>
    <field name="CLUSTER" key="true">{equipment.CLUSTER}</field>
    <field name="EQUIP">{equipment.name}</field>
    <field name="ADDR">{equipment.CUSTOM5}</field>
    <field name="ITEM">Enable</field>
    <field name="TAGGENLINK" load="true">f0010898-ad9a-4d4b-b221-65fc</field>
    <field name="LINKED">1</field>
    <field name="EDITCODE">3938319</field>
  </output>
  <output name="Element_5" file="variable.dbf" filter="'{equipment.type}={type.name}'">
    <field name="NAME" key="true">{equipment.TAGPREFIX}_Power</field>
    <field name="TYPE">REAL</field>
    <field name="UNIT">{equipment.IODEVICE}</field>
    <field name="ENG_ZERO">0</field>
    <field name="ENG_FULL">100</field>
    <field name="CLUSTER" key="true">{equipment.CLUSTER}</field>
    <field name="EQUIP">{equipment.name}</field>
    <field name="RAW_ZERO">0</field>
    <field name="RAW_FULL">100</field>
    <field name="ENG_UNITS">%</field>
    <field name="ADDR">{equipment.CUSTOM6}</field>
    <field name="ITEM">Power</field>
    <field name="TAGGENLINK" load="true">79b3db54-0bbf-4c82-83ac-d8d8</field>
    <field name="LINKED">1</field>
    <field name="EDITCODE">3938815</field>
  </output>
  <output name="Element_6" file="anaalm.dbf" filter="'{equipment.type}={type.name}'">
    <field name="TAG" key="true">{equipment.TAGPREFIX}_Power_Alarm</field>
    <field name="NAME">{equipment.TAGPREFIX}_Power_Alarm</field>
    <field name="VAR">{equipment.TAGPREFIX}_Power</field>
    <field name="SETPOINT">50</field>
    <field name="HIGHHIGH">100</field>
    <field name="HIGH">80</field>
    <field name="LOW">20</field>
    <field name="LOWLOW">0</field>
    <field name="DEVIATION">30</field>
    <field name="DEADBAND">5</field>
    <field name="CLUSTER" key="true">{equipment.CLUSTER}</field>
    <field name="EQUIP">{equipment.name}</field>
    <field name="ITEM">Power</field>
    <field name="TAGGENLINK" load="true">4f466eeb-f2ab-4731-9081-e246</field>
    <field name="LINKED">1</field>
    <field name="EDITCODE">521838527999</field>
  </output>
  <output name="Element_13" file="trend.dbf" filter="'{equipment.type}={type.name}'">
    <field name="NAME" key="true">{equipment.TAGPREFIX}_Power_Trend</field>
    <field name="EXPR">{equipment.TAGPREFIX}_Power</field>
    <field name="SAMPLEPER">0.200</field>
    <field name="STORMETHOD">Floating Point (8-byte samples)</field>
    <field name="CLUSTER" key="true">{equipment.CLUSTER}</field>
    <field name="EQUIP">{equipment.name}</field>
    <field name="ITEM">Power</field>
    <field name="TAGGENLINK" load="true">76f6c903-e0b1-4304-824f-888c</field>
    <field name="LINKED">1</field>
    <field name="EDITCODE">467664907</field>
  </output>
  <output name="Element_7" file="variable.dbf" filter="'{equipment.type}={type.name}'">
    <field name="NAME" key="true">{equipment.TAGPREFIX}_Level</field>
    <field name="TYPE">REAL</field>
    <field name="UNIT">{equipment.IODEVICE}</field>
    <field name="CLUSTER" key="true">{equipment.CLUSTER}</field>
    <field name="EQUIP">{equipment.name}</field>
    <field name="ENG_UNITS">metres</field>
    <field name="ADDR">{equipment.CUSTOM7}</field>
    <field name="RAW_ZERO">0</field>
    <field name="RAW_FULL">4</field>
    <field name="ENG_ZERO">0</field>
    <field name="ENG_FULL">4</field>
    <field name="ITEM">Level</field>
    <field name="TAGGENLINK" load="true">8dbba616-6f35-44a8-bb2b-fccd</field>
    <field name="LINKED">1</field>
    <field name="EDITCODE">3938815</field>
  </output>
  <output name="Element_9" file="digalm.dbf" filter="'{equipment.type}={type.name}'">
    <field name="TAG" key="true">{equipment.TAGPREFIX}_Level_Alarm</field>
    <field name="NAME">{equipment.TAGPREFIX}_Level_Alarm</field>
    <field name="VAR_A">{equipment.TAGPREFIX}_Level</field>
    <field name="CLUSTER" key="true">{equipment.CLUSTER}</field>
    <field name="EQUIP">{equipment.name}</field>
    <field name="ITEM">Level</field>
    <field name="TAGGENLINK" load="true">a2008b4e-6ded-47ad-ba22-adab</field>
    <field name="LINKED">1</field>
    <field name="EDITCODE">254803979</field>
  </output>
  <output name="Element_12" file="trend.dbf" filter="'{equipment.type}={type.name}'">
    <field name="NAME" key="true">{equipment.TAGPREFIX}_Level_Trend</field>
    <field name="EXPR">{equipment.TAGPREFIX}_Level</field>
    <field name="SAMPLEPER">0.100</field>
    <field name="TIME">00:00:00</field>
    <field name="PERIOD">00:00:02</field>
    <field name="TYPE">TRN_PERIODIC</field>
    <field name="STORMETHOD">Floating Point (8-byte samples)</field>
    <field name="CLUSTER" key="true">{equipment.CLUSTER}</field>
    <field name="EQUIP">{equipment.name}</field>
    <field name="ITEM">Level</field>
    <field name="TAGGENLINK" load="true">d19e1fc7-e294-463b-9a36-702b</field>
    <field name="LINKED">1</field>
    <field name="EDITCODE">467676171</field>
  </output>
  <output name="Element_8" file="variable.dbf" filter="'{equipment.type}={type.name}'">
    <field name="NAME" key="true">{equipment.TAGPREFIX}_Flow</field>
    <field name="TYPE">REAL</field>
    <field name="UNIT">{equipment.IODEVICE}</field>
    <field name="CLUSTER" key="true">{equipment.CLUSTER}</field>
    <field name="EQUIP">{equipment.name}</field>
    <field name="ENG_UNITS">m/s</field>
    <field name="ADDR">{equipment.CUSTOM8}</field>
    <field name="ITEM">Flow</field>
    <field name="TAGGENLINK" load="true">c13296be-950f-491a-a9fa-5ac4</field>
    <field name="LINKED">1</field>
    <field name="EDITCODE">3938575</field>
  </output>
  <output name="Element_10" file="variable.dbf" filter="'{equipment.type}={type.name}'">
    <field name="NAME" key="true">{equipment.TAGPREFIX}_Level_SV</field>
    <field name="TYPE">REAL</field>
    <field name="UNIT">{equipment.IODEVICE}</field>
    <field name="ADDR">{equipment.CUSTOM4}</field>
    <field name="CLUSTER" key="true">{equipment.CLUSTER}</field>
    <field name="EQUIP">{equipment.name}</field>
    <field name="RAW_ZERO">0</field>
    <field name="RAW_FULL">4</field>
    <field name="ENG_ZERO">0</field>
    <field name="ENG_FULL">4</field>
    <field name="ITEM">Level_Sv</field>
    <field name="TAGGENLINK" load="true">958e4f63-a9d7-48ab-8211-5325</field>
    <field name="LINKED">1</field>
    <field name="EDITCODE">3938559</field>
  </output>
  <output name="Element_11" file="trend.dbf" filter="'{equipment.type}={type.name}'">
    <field name="NAME" key="true">{equipment.TAGPREFIX}_Level_SV_Trend</field>
    <field name="EXPR">{equipment.TAGPREFIX}_Level_SV</field>
    <field name="PERIOD">00:00:02</field>
    <field name="STORMETHOD">Floating Point (8-byte samples)</field>
    <field name="CLUSTER" key="true">{equipment.CLUSTER}</field>
    <field name="EQUIP">{equipment.name}</field>
    <field name="ITEM">Level_Sv</field>
    <field name="TAGGENLINK" load="true">168a1172-30f0-4627-8ece-450a</field>
    <field name="LINKED">1</field>
    <field name="EDITCODE">467666947</field>
  </output>
</template>