﻿<?xml version="1.0" encoding="utf-8"?>
<template desc="">
  <param name="type">
    <string name="name">Valve</string>
    <string name="ref">Valve</string>
    <string name="blank"></string>
    <string name="wildcard"></string>
    <string name="parameter-definitions"></string>
  </param>
  <input name="equipment" file="equip.dbf" desc="Equipment Database">
    <field name="NAME" />
    <field name="CLUSTER" />
    <field name="TYPE" />
    <field name="AREA" />
    <field name="LOCATION" />
    <field name="COMMENT" />
    <field name="CUSTOM1" />
    <field name="CUSTOM2" />
    <field name="CUSTOM3" />
    <field name="CUSTOM4" />
    <field name="CUSTOM5" />
    <field name="CUSTOM6" />
    <field name="CUSTOM7" />
    <field name="CUSTOM8" />
    <field name="IODEVICE" />
    <field name="PAGE" />
    <field name="HELP" />
    <field name="DEFSTATE" />
    <field name="SCHEDULED" />
    <field name="TAGPREFIX" />
    <field name="PARAM" />
    <field name="DEVSCHED" />
    <field name="SCHEDID" />
    <array name="param_list">{ToProperty('{param}','=',';')}</array>
  </input>
  <output name="Element" file="variable.dbf" filter="'{equipment.type}={type.name}'">
    <field name="NAME" key="true">{equipment.TAGPREFIX}_Valve</field>
    <field name="TYPE">DIGITAL</field>
    <field name="UNIT">{equipment.IODEVICE}</field>
    <field name="ADDR">{equipment.CUSTOM1}</field>
    <field name="CLUSTER" key="true">{equipment.CLUSTER}</field>
    <field name="EQUIP">{equipment.name}</field>
    <field name="ITEM">Valve</field>
    <field name="TAGGENLINK" load="true">8a403d86-2517-4a3d-bdd2-2e34</field>
    <field name="LINKED">1</field>
    <field name="EDITCODE">3938319</field>
  </output>
  <output name="Element_1" file="digalm.dbf" filter="'{equipment.type}={type.name}'">
    <field name="TAG" key="true">{equipment.TAGPREFIX}_Valve_Alarm</field>
    <field name="NAME">{equipment.TAGPREFIX}_Valve_Alarm</field>
    <field name="VAR_A">{equipment.TAGPREFIX}_Valve</field>
    <field name="CLUSTER" key="true">{equipment.CLUSTER}</field>
    <field name="EQUIP">{equipment.name}</field>
    <field name="ITEM">Valve</field>
    <field name="TAGGENLINK" load="true">e6e96796-9bf9-437e-a399-bc70</field>
    <field name="LINKED">1</field>
    <field name="EDITCODE">254803979</field>
  </output>
  <output name="Element_2" file="variable.dbf" filter="'{equipment.type}={type.name}'">
    <field name="NAME" key="true">{equipment.TAGPREFIX}_Power</field>
    <field name="TYPE">REAL</field>
    <field name="UNIT">{equipment.IODEVICE}</field>
    <field name="ADDR">{equipment.CUSTOM2}</field>
    <field name="ENG_ZERO">0</field>
    <field name="ENG_FULL">100</field>
    <field name="CLUSTER" key="true">{equipment.CLUSTER}</field>
    <field name="EQUIP">{equipment.name}</field>
    <field name="RAW_ZERO">0</field>
    <field name="RAW_FULL">100</field>
    <field name="ITEM">Power</field>
    <field name="TAGGENLINK" load="true">4b4dfc72-8069-4947-812a-33b6</field>
    <field name="LINKED">1</field>
    <field name="EDITCODE">3938559</field>
  </output>
  <output name="Element_8" file="anaalm.dbf" filter="'{equipment.type}={type.name}'">
    <field name="TAG" key="true">{equipment.TAGPREFIX}_Power_Alarm</field>
    <field name="NAME">{equipment.TAGPREFIX}_Power_Alarm</field>
    <field name="VAR">{equipment.TAGPREFIX}_Power</field>
    <field name="SETPOINT">50</field>
    <field name="HIGHHIGH">100</field>
    <field name="HIGH">80</field>
    <field name="LOW">20</field>
    <field name="LOWLOW">0</field>
    <field name="DEVIATION">30</field>
    <field name="DEADBAND">1</field>
    <field name="CLUSTER" key="true">{equipment.CLUSTER}</field>
    <field name="EQUIP">{equipment.name}</field>
    <field name="ITEM">Power</field>
    <field name="TAGGENLINK" load="true">d13345e0-1f0a-4a4d-9c77-e37a</field>
    <field name="LINKED">1</field>
    <field name="EDITCODE">521838527999</field>
  </output>
  <output name="Element_3" file="variable.dbf" filter="'{equipment.type}={type.name}'">
    <field name="NAME" key="true">{equipment.TAGPREFIX}_Open</field>
    <field name="TYPE">DIGITAL</field>
    <field name="UNIT">{equipment.IODEVICE}</field>
    <field name="ADDR">{equipment.CUSTOM3}</field>
    <field name="CLUSTER" key="true">{equipment.CLUSTER}</field>
    <field name="EQUIP">{equipment.name}</field>
    <field name="ITEM">Open</field>
    <field name="TAGGENLINK" load="true">cf7f2dce-276e-43f6-bff9-cd81</field>
    <field name="LINKED">1</field>
    <field name="EDITCODE">3938319</field>
  </output>
  <output name="Element_4" file="variable.dbf" filter="'{equipment.type}={type.name}'">
    <field name="NAME" key="true">{equipment.TAGPREFIX}_Close</field>
    <field name="TYPE">DIGITAL</field>
    <field name="UNIT">{equipment.IODEVICE}</field>
    <field name="ADDR">{equipment.CUSTOM4}</field>
    <field name="CLUSTER" key="true">{equipment.CLUSTER}</field>
    <field name="EQUIP">{equipment.name}</field>
    <field name="ITEM">Close</field>
    <field name="TAGGENLINK" load="true">f8842848-0b88-48db-98a8-298a</field>
    <field name="LINKED">1</field>
    <field name="EDITCODE">3938319</field>
  </output>
  <output name="Element_5" file="variable.dbf" filter="'{equipment.type}={type.name}'">
    <field name="NAME" key="true">{equipment.TAGPREFIX}_Run</field>
    <field name="TYPE">DIGITAL</field>
    <field name="UNIT">{equipment.IODEVICE}</field>
    <field name="ADDR">{equipment.CUSTOM5}</field>
    <field name="CLUSTER" key="true">{equipment.CLUSTER}</field>
    <field name="EQUIP">{equipment.name}</field>
    <field name="ITEM">Run</field>
    <field name="TAGGENLINK" load="true">0d47d7b5-1350-4564-8784-beb3</field>
    <field name="LINKED">1</field>
    <field name="EDITCODE">3938319</field>
  </output>
  <output name="Element_6" file="variable.dbf" filter="'{equipment.type}={type.name}'">
    <field name="NAME" key="true">{equipment.TAGPREFIX}_Flow</field>
    <field name="TYPE">REAL</field>
    <field name="UNIT">{equipment.IODEVICE}</field>
    <field name="ADDR">{equipment.CUSTOM6}</field>
    <field name="CLUSTER" key="true">{equipment.CLUSTER}</field>
    <field name="EQUIP">{equipment.name}</field>
    <field name="ITEM">Flow</field>
    <field name="TAGGENLINK" load="true">571585a2-cb30-4b0d-9176-db64</field>
    <field name="LINKED">1</field>
    <field name="EDITCODE">3938319</field>
  </output>
  <output name="Element_7" file="variable.dbf" filter="'{equipment.type}={type.name}'">
    <field name="NAME" key="true">{equipment.TAGPREFIX}_Auto</field>
    <field name="TYPE">DIGITAL</field>
    <field name="UNIT">Internal</field>
    <field name="CLUSTER" key="true">{equipment.CLUSTER}</field>
    <field name="EQUIP">{equipment.name}</field>
    <field name="ITEM">Auto</field>
    <field name="TAGGENLINK" load="true">a997bbbe-0766-4baa-9652-a324</field>
    <field name="LINKED">1</field>
    <field name="EDITCODE">3938311</field>
  </output>
</template>